SAMPID,SMATSSCR,SMCENTER,SMPTHNTS,SMRIN,SMTS,SMTSD,SMUBRID,SMTSISCH,SMTSPAX,SMNABTCH,SMNABTCHT,SMNABTCHD,SMGEBTCH,SMGEBTCHD,SMGEBTCHT,ANALYTE_TYPE,SMAFRZE,SMGTC,SMRDTTL,SMALTTL,SMALTALG,SMSUPALG,SMRDLGTH,SMVQCFL,SMLMAPQ,SMUMPRD,SMUNPDRD,SMMPPD,SMMAPRT,SMMPPDUN,SMUNMPRT,SMMPDP,SMDPMPRT,SMMPPDXG,SMMPDPXG,SMDPRTXG,SMCHMRD,SMCHMRT,SMMPPDPR,SMMPHQRD,SMMPHQRT,SMMPLQRD,SMSPLTRT,SME1MPRD,SME2MPRD,SME1MPRT,SME2MPRT,SME1MMB,SME2MMB,SME1TTLB,SME2TTLB,SME1MMRT,SME2MMRT,SMTTLMM,SMTTLB,SMBSMMRT,SMESTLBS,SMEXNCRD,SMEXNCRT,SMEXPEFF,SMNTRNRD,SMNTRNRT,SMNTRARD,SMNTRART,SMNTERRD,SMNTERRT,SMAMBRD,SMAMBRT,SMNTEXC,SMDSCRT,SMEXNCRTHQ,SMNTRNRTHQ,SMNTRARTHQ,SMNTERRTHQ,SMAMBRTHQ,SME1SNSE,SME2SNSE,SME1ANTI,SME2ANTI,SME1PCTS,SME2PCTS,SMGNSDTC,SMRRNARD,SMRRNART,SMMFLGTH,SMSFLGTH,SMMDFLGTH,SMSMFLGTH,SMFGCMN,SMFGCSD,SMFGCSK,SMFGCKT,SM3PBMN,SM3PBSD,SM3PBMD,SM3PB25P,SM3PB75P,SM3PBSDM,SM3PBGN,SMMDMNCV,SMMDCVSD,SMMDCVCV,SMEXCVMD,SMEXCVMAD,SMMNCV,SMUVCRD,SMUVCRT,SMSHRTRD,SMSHRTRT,SMSMRDHQ,SMSMRTHQ,SMPRERDHQ,SMPRERTHQ,SMSMGNDT,SMPREGNDT,SMRDLNMN,SMRDLNMD,SMRDLNSD
GTEX-11GS4-0011-R8b-SM-GI4XA,,"B1, A1",,7.2,Brain,Brain - Hypothalamus,UBERON:0001898,689.0,,BP-42534,RNA Isolation via QIAGEN Spin Column,8/21/13,LCSET-12010,,TruSeq.v1,RNA:Total RNA,RNASEQ,,129528850.0,148326101.0,18594807.0,202444.0,76.0,7276661.0,28271288.0,123090578.0,0.0,122190996.0,993,75151916.0,615,47039080.0,385,122111316.0,47009350.0,385,579698.0,10,60869443.0,111345407.0,911,10845589.0,0.164798,61201310.0,60989686.0,994,991,10998223.0,12615331.0,4651299560.0,4635216136.0,2,3,23613554.0,9286515696.0,3,57268611.0,101537550.0,831,825,10841871.0,89,112379421.0,920,3366836.0,28,6444739.0,53,122190996.0,0,849,90,939,23,38,26991333.0,27566316.0,27557574.0,26815573.0,495,507,27310.0,6860935.0,0.0561493,226.017,85.1469,214.0,85.9908,0.464275,0.0902996,0.459024,0.153612,0.676519,0.280475,0.766129,0.5,0.90991,0.257781,9266.0,4.28458,3.33317,0.939613,0.273012,0.267012,,,,,,,,,,,,,,
GTEX-YFCO-1326-SM-664NV,1.0,B1,6 pieces; muscularis propria present in several pieces (not target);  lymphoid elements prominent in several pieces (marked).,6.2,Small Intestine,Small Intestine - Terminal Ileum,UBERON:0001211,152.0,432.0,BP-49387,RNA Extraction from PAXgene-derived Lysate Plate Based,2/11/14,LCSET-5303,6/24/14,TruSeq.v1,RNA:Total RNA,RNASEQ,,130047236.0,147690213.0,17390863.0,252114.0,76.0,8914371.0,25559187.0,122093450.0,0.0,121143027.0,992,88563040.0,731,32579987.0,269,121142872.0,32579986.0,269,418632.0,7,60377468.0,111984355.0,924,9158672.0,0.221445,60632561.0,60510466.0,993,991,12890108.0,16092334.0,4608074636.0,4598795416.0,3,3,28982442.0,9206870052.0,3,91225746.0,98794533.0,816,809,13465282.0,111,112259815.0,927,2592999.0,21,6290213.0,52,121143027.0,0,826,113,939,19,42,27153124.0,27201489.0,27104287.0,26949689.0,500,502,25533.0,862760.0,0.00712183,182.992,80.2754,159.0,60.7866,0.478212,0.104113,0.218791,-0.321144,0.59867,0.28807,0.647504,0.388542,0.846154,0.327532,8388.0,2.11507,1.90822,0.930863,0.26182,0.260038,,,,,,,,,,,,,,
GTEX-1GMR8-0011-R1b-SM-CJI2O,,"B1, A1",,5.6,Brain,Brain - Hippocampus,UBERON:0001954,722.0,,BP-69190,RNA Isolation via QIAGEN Spin Column,11/19/15,LCSET-9107,7/6/16,TruSeq.v1,RNA:Total RNA,RNASEQ,,107227674.0,137386508.0,30023963.0,134871.0,76.0,7074058.0,41186295.0,101511090.0,0.0,100905316.0,994,52422058.0,520,48483258.0,480,100762622.0,48421046.0,481,506430.0,10,50239965.0,87880211.0,871,13025105.0,0.162925,50554434.0,50350882.0,996,992,7509274.0,10699537.0,3842136984.0,3826667032.0,2,3,18208811.0,7668804016.0,2,33805806.0,86719649.0,859,854,4922354.0,49,91642003.0,908,2963358.0,29,6299955.0,62,100905316.0,0,901,47,948,17,35,22512073.0,22972175.0,22926339.0,22306002.0,495,507,23325.0,10218456.0,0.101268,222.141,84.1471,210.0,80.0604,0.468637,0.0876389,0.717608,0.718007,0.673413,0.286035,0.7621,0.5,0.913679,0.270344,6293.0,1.4955,1.59384,1.07306,0.332706,0.327195,,,,,,,,,,,,,,
GTEX-WHSB-1026-SM-4M1XN,1.0,B1,"6   ~7x3mm pieces; mainly mucosa, rare lymphoid aggregates present,  rep ones encircled",7.8,Small Intestine,Small Intestine - Terminal Ileum,UBERON:0001211,260.0,850.0,BP-27514,RNA isolation from PAXgene-preserved tissue,7/17/12,LCSET-3633,8/24/13,TruSeq.v1,RNA:Total RNA,RNASEQ,,66866746.0,73727982.0,6762336.0,98900.0,76.0,2555118.0,10431294.0,64559550.0,0.0,64028593.0,992,48216884.0,753,15811709.0,247,64028469.0,15811701.0,247,232775.0,7,31877460.0,59987249.0,937,4041344.0,0.211783,32102529.0,31926064.0,995,989,5478294.0,7297385.0,2439792204.0,2426380864.0,2,3,12775679.0,4866173068.0,3,53465738.0,52361919.0,818,811,7356552.0,115,59718471.0,933,1437459.0,22,2872663.0,45,64028593.0,0,826,115,941,19,40,14342052.0,14354767.0,14348257.0,14167109.0,500,503,23977.0,417789.0,0.00652504,262.861,84.3339,251.0,74.13,0.458135,0.0976396,0.267569,-0.274015,0.594458,0.292332,0.634615,0.384615,0.851852,0.34302,5796.0,1.70732,1.60753,0.893255,0.268992,0.257857,,,,,,,,,,,,,,
GTEX-13X6H-0526-SM-5LU4Q,1.0,B1,2 pieces; 1 piece has 20% external fat,6.9,Thyroid,Thyroid,UBERON:0002046,186.0,727.0,BP-47591,RNA Extraction from PAXgene-derived Lysate Plate Based,12/18/13,LCSET-4824,3/23/14,TruSeq.v1,RNA:Total RNA,RNASEQ,,76609790.0,83421121.0,6717782.0,93549.0,76.0,8573296.0,9609206.0,68763190.0,0.0,68330175.0,994,57656863.0,844,10673312.0,156,68328917.0,10673255.0,156,191061.0,6,34049598.0,64490442.0,944,3839733.0,0.193927,34233806.0,34096369.0,996,992,10055466.0,9657279.0,2601769256.0,2591324044.0,4,4,19712745.0,5193093300.0,4,97160542.0,50934633.0,745,741,12339786.0,181,63274419.0,926,1865928.0,27,3189828.0,47,68330175.0,0,752,180,932,24,44,14977136.0,14879809.0,14882672.0,14855770.0,502,500,24113.0,238781.0,0.00349452,195.663,85.3383,175.0,72.6474,0.471208,0.105488,0.213932,-0.418709,0.592437,0.281069,0.631579,0.383078,0.826087,0.318129,5728.0,1.56338,1.45168,0.859219,0.259166,0.247397,,,,,,,,,,,,,,
GTEX-T5JC-0226-SM-32PMA,0.0,C1,"2 pieces, ~ 2 mm diameter; artery no extraneous adipose",8.1,Blood Vessel,Artery - Tibial,UBERON:0007610,659.0,831.0,BP-24623,RNA isolation from PAXgene-preserved tissue,4/25/12,LCSET-1666,8/31/12,TruSeq.v1,RNA:Total RNA,RNASEQ,,117404592.0,124676873.0,7086007.0,186274.0,76.0,10434168.0,28089857.0,107565348.0,0.0,89219707.0,829,59749190.0,670,29470517.0,330,89211605.0,29467881.0,330,273082.0,6,44328170.0,84816216.0,951,4403491.0,0.244429,44733838.0,44485869.0,832,827,8130986.0,25397650.0,3399771688.0,3380926044.0,2,8,33528636.0,6780697732.0,5,51507267.0,74339832.0,833,691,9060576.0,102,83400408.0,935,2078060.0,23,3741239.0,42,89219707.0,0,840,99,940,20,40,18924406.0,18878428.0,18873760.0,18700140.0,501,502,21537.0,355358.0,0.00398295,205.778,74.8126,191.0,66.717,0.47264,0.111461,0.175465,-0.810232,0.5533,0.291198,0.571429,0.333333,0.797285,0.346112,5840.0,0.750828,1.03519,0.980928,0.267895,0.267393,,,,,,,,,,,,,,
GTEX-17F9Y-0008-SM-EAZBC,,C1,,9.6,Skin,Cells - Cultured fibroblasts,EFO:0002009,523.0,,BP-53465,RNA isolation Trizol Manual (Cell Pellet),6/3/14,LCSET-10518,5/3/17,TruSeq.v1,RNA:Total RNA,RNASEQ,,141250092.0,201204030.0,59680898.0,273040.0,76.0,13533637.0,69092686.0,131363630.0,0.0,130419327.0,993,95495793.0,732,34923534.0,268,130419289.0,34923534.0,268,528278.0,8,65048832.0,117330421.0,900,13088906.0,0.293047,65291944.0,65127383.0,994,992,9225610.0,13156261.0,4962187744.0,4949681108.0,2,3,22381871.0,9911868852.0,2,98731611.0,102744117.0,788,782,16568700.0,127,119312817.0,915,6731711.0,52,4374799.0,34,130419327.0,0,835,116,952,15,33,28131805.0,28483195.0,28525710.0,28015838.0,497,504,24622.0,302423.0,0.00231885,178.128,76.8298,157.0,56.3388,0.474075,0.10926,0.279405,-0.47689,0.449326,0.299644,0.423729,0.183673,0.684874,0.367833,7601.0,0.843888,1.00105,1.04381,0.235706,0.243931,,,,,,,,,,,,,,
GTEX-12WSE-1126-SM-7DUEH,0.0,C1,2 pieces; excessive adherent fat (50% of specimen),6.8,Blood Vessel,Artery - Coronary,UBERON:0001621,1394.0,790.0,BP-48119,RNA Extraction from PAXgene-derived Lysate Plate Based,1/9/14,LCSET-6442,1/24/15,TruSeq.v1,RNA:Total RNA,RNASEQ,,86820674.0,116975431.0,30053707.0,101050.0,76.0,9717949.0,35141730.0,79299886.0,0.0,78322143.0,988,55757105.0,712,22565038.0,288,78168979.0,22489684.0,288,222050.0,6,38987764.0,71153141.0,908,7169002.0,0.201059,39196911.0,39125232.0,989,987,8855684.0,13314710.0,2978965236.0,2973517632.0,3,4,22170394.0,5952482868.0,4,54070929.0,62234410.0,795,785,9293980.0,119,71528390.0,913,3876953.0,50,2916800.0,37,78322143.0,0,833,110,943,20,36,16569386.0,16747386.0,16777693.0,16518680.0,497,503,23856.0,504210.0,0.00643764,218.206,84.343,206.0,77.0952,0.462829,0.111444,0.271439,-0.662069,0.648822,0.287442,0.723404,0.455621,0.890244,0.291788,7414.0,1.65466,1.73098,0.976615,0.285867,0.278769,,,,,,,,,,,,,,
GTEX-1IE54-0126-SM-CMKHW,0.0,B1,"6 pieces; include from 10-20% mostly internal fat, epidermis measures 38 microns",7.1,Skin,Skin - Sun Exposed (Lower leg),UBERON:0004264,387.0,568.0,BP-72085,RNA Extraction from PAXgene-derived Lysate Plate Based,2/24/16,LCSET-9116,7/18/16,TruSeq.v1,RNA:Total RNA,RNASEQ,,114415718.0,125015935.0,10459813.0,140404.0,76.0,8084147.0,15443679.0,107007922.0,0.0,106451092.0,995,83721569.0,786,22729523.0,214,106433115.0,22725070.0,214,343226.0,6,53074326.0,100480840.0,944,5970252.0,0.208595,53301895.0,53149197.0,996,993,9729948.0,13002798.0,4050944020.0,4039338972.0,2,3,22732746.0,8090282992.0,3,105932350.0,80991095.0,761,757,18500867.0,174,99491962.0,935,2519787.0,24,4439343.0,42,106451092.0,0,767,174,940,20,39,23220102.0,23270103.0,23308962.0,23117896.0,499,502,26077.0,1006079.0,0.00945109,209.948,84.7798,193.0,80.0604,0.47199,0.102171,0.300284,-0.478774,0.5638,0.286978,0.596154,0.335794,0.803014,0.343122,8208.0,2.70877,2.17831,0.846483,0.235369,0.231621,,,,,,,,,,,,,,
GTEX-1F52S-1426-SM-7P8PU,2.0,C1,6 pieces; moderately sloughed epithelium with several large bare spots,5.6,Esophagus,Esophagus - Mucosa,UBERON:0006920,1015.0,766.0,BP-57475,RNA Extraction from PAXgene-derived Lysate Plate Based,10/23/14,LCSET-6758,4/5/15,TruSeq.v1,RNA:Total RNA,RNASEQ,,120055798.0,134550255.0,14323539.0,170918.0,76.0,17304117.0,19439406.0,104458278.0,0.0,103675526.0,993,64819534.0,625,38855992.0,375,103659309.0,38852112.0,375,294380.0,6,51625449.0,96651053.0,932,7024473.0,0.161872,51958544.0,51716982.0,995,990,12554544.0,15910985.0,3948849344.0,3930490632.0,3,4,28465529.0,7879339976.0,4,50440579.0,84774791.0,818,812,11465751.0,111,96240542.0,928,2566199.0,25,4868785.0,47,103675526.0,0,830,109,939,18,42,23184591.0,23630021.0,23628735.0,22952777.0,495,507,24159.0,3465983.0,0.0334311,199.977,76.9868,187.0,71.1648,0.461553,0.10053,0.389164,-0.0974885,0.71761,0.27305,0.820988,0.571055,0.933158,0.206011,8872.0,1.73849,1.80213,1.09435,0.328733,0.314322,,,,,,,,,,,,,,
GTEX-QLQW-0726-SM-447AA,1.0,B1,"6 pieces up to 7x2 mm; good oxyntic mucosa on all, up to 0.8 mm; foveolar surface largely sloughed",6.9,Stomach,Stomach,UBERON:0000945,117.0,1129.0,BP-20693,RNA isolation from PAXgene-preserved tissue,12/9/11,LCSET-2912,4/12/13,TruSeq.v1,RNA:Total RNA,RNASEQ,,67040430.0,150976900.0,83832013.0,104457.0,76.0,5862095.0,104586438.0,64050312.0,0.0,62473683.0,975,28736951.0,460,33736732.0,540,62472893.0,33736693.0,540,190524.0,6,31088119.0,40019835.0,641,22453848.0,0.374873,31322951.0,31150732.0,978,973,4359603.0,5805705.0,2380544276.0,2367455632.0,2,2,10165308.0,4747999908.0,2,17157707.0,54636350.0,875,853,3962546.0,63,58598896.0,938,724401.0,12,3150386.0,50,62473683.0,0,860,91,951,13,36,14716524.0,14758620.0,14830632.0,14623749.0,498,502,20785.0,499879.0,0.00800143,190.384,77.1773,173.0,69.6822,0.469901,0.098774,0.233367,-0.201977,0.564509,0.297233,0.596527,0.333333,0.824268,0.357302,2953.0,0.603253,0.84513,1.01265,0.32785,0.313859,,,,,,,,,,,,,,
GTEX-1S82U-1126-SM-E9U6I,0.0,B1,"2 pieces, adipose elements only",6.6,Breast,Breast - Mammary Tissue,UBERON:0008367,159.0,1212.0,BP-80217,RNA Extraction from PAXgene-derived Lysate Plate Based,11/4/16,LCSET-10742,4/16/17,TruSeq.v1,RNA:Total RNA,RNASEQ,,102516164.0,112843713.0,10159080.0,168469.0,76.0,3882067.0,15724075.0,98962498.0,0.0,98232186.0,993,70564851.0,718,27667335.0,282,98226765.0,27666604.0,282,306684.0,6,49013018.0,92437782.0,941,5794404.0,0.228345,49171648.0,49060538.0,994,991,6993055.0,10240517.0,3737045248.0,3728600888.0,2,3,17233572.0,7465646136.0,2,69825341.0,80649137.0,821,815,11380555.0,116,92029692.0,937,2111854.0,21,4090640.0,42,98232186.0,0,830,115,946,17,37,21635557.0,21767006.0,21720921.0,21488160.0,499,503,24846.0,575526.0,0.00585883,194.746,78.4753,178.0,65.2344,0.472673,0.101321,0.252995,-0.347555,0.577241,0.292841,0.612183,0.358491,0.828571,0.344567,7277.0,1.86354,1.75591,0.902547,0.254202,0.251212,,,,,,,,,,,,,,
GTEX-T5JC-0001-SM-3NMAK,,C1,,10.0,Blood,Cells - EBV-transformed lymphocytes,EFO:0000572,461.0,,BP-31388,RNA isolation Trizol Manual (Cell Pellet),9/24/12,LCSET-2351,12/16/12,TruSeq.v1,RNA:Total RNA,RNASEQ,,123881560.0,143578927.0,19530755.0,166612.0,76.0,22607977.0,24064379.0,104262664.0,0.0,103500163.0,993,77302173.0,747,26197990.0,253,103495109.0,26196990.0,253,359658.0,7,51494646.0,95437503.0,922,8062660.0,0.270793,51882153.0,51618010.0,995,990,16094486.0,20435899.0,3943043628.0,3922968760.0,4,5,36530385.0,7866012388.0,5,83845225.0,80209344.0,775,769,16072565.0,155,96281909.0,930,2743446.0,27,4474808.0,43,103500163.0,0,788,155,942,17,40,23008866.0,22938993.0,23028160.0,22841520.0,500,501,22329.0,600271.0,0.00579971,206.522,80.6286,190.0,72.6474,0.459657,0.108168,0.296827,-0.593181,0.47351,0.297612,0.454545,0.22107,0.717949,0.367612,7057.0,0.57801,0.817563,0.952165,0.233286,0.243128,,,,,,,,,,,,,,
GTEX-1E2YA-0426-SM-7RHFZ,0.0,C1,"2 pieces, no adherent fat, no atherosis",5.9,Blood Vessel,Artery - Tibial,UBERON:0007610,565.0,509.0,BP-57437,RNA Extraction from PAXgene-derived Lysate Plate Based,10/22/14,LCSET-6760,4/19/15,TruSeq.v1,RNA:Total RNA,RNASEQ,,89859272.0,95953170.0,5962640.0,131258.0,76.0,8092816.0,8966690.0,82307120.0,0.0,81778496.0,994,65284493.0,798,16494003.0,202,81767595.0,16491823.0,202,219489.0,5,40729420.0,78008897.0,954,3769599.0,0.221573,40985542.0,40792954.0,996,991,8073906.0,12754003.0,3114901192.0,3100264504.0,3,4,20827909.0,6215165696.0,3,86814082.0,64978255.0,795,789,11435891.0,140,76414146.0,934,1863722.0,23,3500628.0,43,81778496.0,0,800,139,939,20,41,17544922.0,17563365.0,17572547.0,17380608.0,500,503,22620.0,419820.0,0.00513362,183.186,72.4054,166.0,60.7866,0.470576,0.111938,0.180171,-0.670492,0.577,0.291325,0.609756,0.352941,0.826087,0.343242,5618.0,0.931929,1.06691,0.924155,0.258379,0.253634,,,,,,,,,,,,,,
GTEX-YJ8O-1226-SM-5P9JE,1.0,C1,"6 pieces, squamous epithelium is ~0.25mm thick",7.3,Vagina,Vagina,UBERON:0000996,735.0,1240.0,BP-45374,RNA Extraction from PAXgene-derived Lysate Plate Based,10/31/13,LCSET-4916,3/27/14,TruSeq.v1,RNA:Total RNA,RNASEQ,,96185888.0,108235401.0,11853285.0,196228.0,76.0,3249720.0,17282843.0,93277774.0,0.0,92429681.0,991,76359365.0,826,16070316.0,174,92427046.0,16070069.0,174,307492.0,7,46070689.0,86743471.0,938,5686210.0,0.205091,46257001.0,46172680.0,992,990,12594253.0,13378718.0,3515532076.0,3509123680.0,4,4,25972971.0,7024655756.0,4,116769373.0,66284135.0,717,711,18829964.0,204,85114099.0,921,2454555.0,27,4861027.0,53,92429681.0,0,724,205,928,21,51,20566597.0,20550314.0,20537729.0,20473017.0,500,501,26675.0,187828.0,0.00203212,171.898,67.375,156.0,50.4084,0.49026,0.114035,0.00504264,-0.742875,0.598924,0.283002,0.649025,0.4,0.833333,0.311347,7348.0,2.5291,2.10368,0.883653,0.266379,0.255172,,,,,,,,,,,,,,
GTEX-QDT8-2126-SM-GQ1D2,3.0,C1,6   ~9x1.5mm pieces.  Epithelium totally autolyzed; mucosal stroma is ~10-12% of thickness,6.6,Colon,Colon - Transverse,UBERON:0001157,647.0,556.0,BP-20206,RNA isolation from PAXgene-preserved tissue,11/18/11,LCSET-12242,,TruSeq.v1,RNA:Total RNA,RNASEQ,,107980048.0,119822068.0,11624051.0,217969.0,76.0,5443767.0,17801929.0,103029910.0,0.0,102125356.0,991,77713601.0,761,24411755.0,239,102122192.0,24411380.0,239,605857.0,12,50889052.0,95005502.0,930,7119854.0,0.249686,51126591.0,50998765.0,992,990,10901144.0,13055499.0,3885620916.0,3875906140.0,3,3,23956643.0,7761527056.0,3,88837557.0,82628681.0,809,802,12069874.0,118,94698555.0,927,2344179.0,23,5082622.0,50,102125356.0,0,817,119,936,19,45,22239795.0,22387338.0,22557895.0,22291175.0,496,501,26104.0,404114.0,0.00395704,196.689,74.9705,182.0,63.7518,0.499398,0.10651,0.11143,-0.668664,0.569268,0.292566,0.606383,0.336918,0.818182,0.34722,8480.0,2.89904,2.41317,0.912062,0.257451,0.255936,,,,,,,,,,,,,,
GTEX-131XG-2126-SM-5DUXG,1.0,B1,"6 pieces, squamous mucosa is ~0.25mm, evidence of repithelialization",7.9,Vagina,Vagina,UBERON:0000996,156.0,631.0,BP-44437,RNA Extraction from PAXgene-derived Lysate Plate Based,10/8/13,LCSET-4634,2/9/14,TruSeq.v1,RNA:Total RNA,RNASEQ,,68146512.0,75836331.0,7564967.0,124852.0,76.0,6545436.0,10644446.0,62257336.0,0.0,61788055.0,992,51390867.0,832,10397188.0,168,61784920.0,10397015.0,168,237543.0,8,30764476.0,57913744.0,937,3874311.0,0.237066,30989701.0,30798354.0,996,989,5001563.0,7327855.0,2355217276.0,2340674904.0,2,3,12329418.0,4695892180.0,3,80584273.0,48561897.0,786,780,9024893.0,146,57586790.0,932,1334556.0,22,2866709.0,46,61788055.0,0,792,147,938,18,44,13809725.0,13763317.0,13807194.0,13676180.0,500,502,23195.0,193765.0,0.00313596,169.476,71.3334,151.0,51.891,0.493514,0.112391,0.0169704,-0.674791,0.566086,0.292398,0.6,0.33847,0.811321,0.343339,5218.0,1.0939,1.22147,0.957176,0.287183,0.278182,,,,,,,,,,,,,,
GTEX-1E2YA-1926-SM-7P8QH,1.0,C1,"6 pieces, confirmed target muscularis",6.0,Esophagus,Esophagus - Gastroesophageal Junction,UBERON:0004550,610.0,473.0,BP-58067,RNA Extraction from PAXgene-derived Lysate Plate Based,11/13/14,LCSET-6758,4/5/15,TruSeq.v1,RNA:Total RNA,RNASEQ,,121705640.0,132395030.0,10508066.0,181324.0,76.0,15841702.0,14855392.0,107118234.0,0.0,106286959.0,992,77524487.0,729,28762472.0,271,106038734.0,28623995.0,270,342427.0,6,52892141.0,100301578.0,944,5985381.0,0.176808,53303030.0,52983929.0,995,989,12483305.0,18640800.0,4051030280.0,4026778604.0,3,5,31124105.0,8077808884.0,4,79220007.0,84032579.0,791,784,14965264.0,141,98997843.0,931,2542883.0,24,4746233.0,45,106286959.0,0,798,140,938,20,42,23234734.0,23375786.0,23417086.0,22986947.0,498,504,25157.0,1113431.0,0.0104757,193.197,73.4875,179.0,66.717,0.469905,0.1103,0.288543,-0.468841,0.670775,0.280765,0.75,0.5,0.904762,0.2705,8387.0,2.00631,1.8845,0.99527,0.289945,0.282628,,,,,,,,,,,,,,
GTEX-1IY9M-0011-R1a-SM-EXURZ,,"B1, A1",,6.6,Brain,Brain - Hippocampus,UBERON:0001954,1019.0,,BP-80671,RNA Isolation via QIAGEN Spin Column,11/17/16,LCSET-10976,5/25/17,TruSeq.v1,RNA:Total RNA,RNASEQ,,66143720.0,72048595.0,5759869.0,145006.0,76.0,1992800.0,9193343.0,64286716.0,0.0,63861028.0,993,47999569.0,752,15861459.0,248,63859917.0,15861365.0,248,488345.0,15,31820232.0,59790524.0,936,4070504.0,0.171217,31976788.0,31884240.0,995,992,4289680.0,5798157.0,2430235888.0,2423202240.0,2,2,10087837.0,4853438128.0,2,53021797.0,54767882.0,858,852,5024195.0,79,59792077.0,936,1702718.0,27,2366233.0,37,63861028.0,0,870,77,947,22,31,14112861.0,14217063.0,14226390.0,14046079.0,498,503,23599.0,2425532.0,0.0379814,229.666,93.1164,216.0,90.4386,0.463938,0.101146,0.396063,-0.230236,0.654798,0.2849,0.733333,0.472222,0.892857,0.279078,5935.0,1.68372,1.67297,0.985914,0.307991,0.298146,,,,,,,,,,,,,,
GTEX-13OW8-1226-SM-5K7XD,1.0,B1,2 pieces; fat with some vessels/fibrous tissue (~10%),7.4,Adipose Tissue,Adipose - Subcutaneous,UBERON:0002190,1088.0,702.0,BP-46999,RNA Extraction from PAXgene-derived Lysate Plate Based,12/11/13,LCSET-4819,3/16/14,TruSeq.v1,RNA:Total RNA,RNASEQ,,73378660.0,80085429.0,6625431.0,81338.0,76.0,12927318.0,9048885.0,61498922.0,0.0,61031947.0,992,49365571.0,809,11666376.0,191,61019525.0,11664874.0,191,142052.0,5,30390459.0,57470859.0,942,3561088.0,0.219245,30600776.0,30431171.0,995,990,6465870.0,9245129.0,2325658976.0,2312768996.0,3,4,15710999.0,4638427972.0,3,68889696.0,50590087.0,829,823,6609306.0,108,57199393.0,937,1311306.0,21,2521248.0,41,61031947.0,0,838,107,945,18,38,13522659.0,13426150.0,13450568.0,13389396.0,501,501,22565.0,434123.0,0.00711305,199.74,84.927,179.0,75.6126,0.467112,0.105988,0.301988,-0.317621,0.57227,0.291171,0.6,0.350462,0.821429,0.343339,5240.0,1.0,1.14451,0.931175,0.263539,0.254336,,,,,,,,,,,,,,
